,Title,Post Text,ID,Score,Total Comments,Post URL
0,Is being very mildly autistic a recipe for lifelong suffering?,"Cos it sure feels like it to me. 

Having mild Aspergers (mild even within the range of Aspergers) seems to put you in a kind of social no man's land. You're ""normal"" enough so that you appear like everyone else on the surface but ""autistic enough"" so prevent really being able to integrate socially. ""Normal enough"" to understand what is expected of you, but ""autistic enough"" to never be able to reach that standard. 

Most people you meet will treat you very slightly differently, in ways that seem innocuous but which over time add up to massively change the direction of your life for the worse. You'll be ignored,  mocked, overruled and rejected for things without any obvious explanation. You'll seem to have a very limited ability to make friends or have control over your social life. Sometimes it can be so subtle that you wonder if you're imagining it or if the same thing happens to everyone else. (These examples are from my life as you may have guessed.)

You would think that being ""mildly autistic"" would mean that the impact on your life is mild, especially compared to more obvious forms of Aspergers. But in my experience nothing could be further from the truth. It seems that being in just the right range of Aspergers will condemn you to a life of misery, loneliness, depression, confusion and frustration that would be avoided if you were not autistic at all OR more obviously autistic. 

I could be wrong about this of course. Maybe I'm attributing to Aspergers other stuff that is treatable, like depression. Maybe the social skills I require can be learned and I just need to try harder. But right now I feel like I'm fighting a losing battle with my own brain. I'm 28, turning 29 and despite years of masking and trying to figure people out and improve my social skills, it's like Im stuck in this purgatory that I can never escape from. I'm at a particularly low ebb at the moment, hence the depressing rant.

Anyway I just wanted to get that off my chest. Any thoughts are welcome.",wq4gt7,882,262,https://www.reddit.com/r/aspergers/comments/wq4gt7/is_being_very_mildly_autistic_a_recipe_for/
1,I suspect some of our social challenges come from us being more conscious than others about fake/insincere interactions.,"General interactions with people seem to follow social protocols that involve a lot of pretence. People are so often performatively affectionate even when they don't like each other, and perhaps due to conditioning most people don't seem to feel hyperaware of or bothered by the hypocrisy of these instances.

I am acutely aware of every interaction in which I am forced by social rules to pretend and perform something I do not actually feel.

I suspect a lot of the words we commonly use to describe our autistic experience (feeling like an imposter, performing, playing a role, masking, etc.) aren't just descriptions of what autistics do. They're descriptions of what everyone does but is unbothered by. We feel the dissonance acutely and therefore look for the words to describe this extremely unsettling experience.

It's not necessarily that others do not mask; it's that having to mask hurts our sense of integrity.

(Of course I am aware that masking is sapping for other reasons as well, but I found my above-described epiphany about perception of honesty rather interesting.)

Does this make sense to you?",wfy41s,703,163,https://www.reddit.com/r/aspergers/comments/wfy41s/i_suspect_some_of_our_social_challenges_come_from/
2,Are there people here who constantly feel passively suicidal where you just think about suicide without planning to act on it?,"WARNING: This post mentions suicide, if you're in a bad place mentally you probably shouldn't read this. If you're considering suicide please seek help by posting on  [r/suicidewatch](https://www.reddit.com/r/suicidewatch)

According to studies, people with aspergers are almost ten times as likely to attempt suicide then the general population, with a third of them having attempted suicide at least once in their life. The average life expectancy for people with aspergers around the world is roughly 20 years shorter then that of the general population with roughly 60 years.

This is a truly shocking statistic, but from my own experience it makes sense. I started feeling passively suicidal around 8 years ago early in highschool, probably in the 2nd year. I had regular thoughts about suicide and came up with ways I could do it without seriously considering it. Towards the end of high school and for some time after it I came quite close to it though. High school was extremely stressful for me and I had to retake 2 years. Towards the end of the 4th year (which was the 2nd last year) I started using amphetamines to get though school, on the last day just before the summer break I knew I couldn't take another year of this and dropped out of highschool. I got addicted to drugs, mainly sedatives and dissociatives and probably got close to overdosing on sedatives many times, but I didn't care. However a year after dropping out I managed to do the last year in another school which was only 8 hours per week and graduated. But it took me an extra semester because I had to go to a rehab clinic due to getting hooked on benzodiazepines and getting physically dependent on them.

I got much better in the clinic, but after 6 months I got hooked on benzos again, but I wasn't suicidal anymore. I stopped because my final exam was in 2 months and went through CT withdrawal in my bedroom. This was over two years ago, today I'm much better and my thoughts about suicide are much less frequent, only having a fleeting thought on really bad days. But the idea of having a long life still is not appealing to me, I don't wanna live till 80. I don't feel like I have enough energy left to live that long, life is so exhausting. Everyday things like brushing my teeth or showering take so much more effort for me then it takes for normal people, I have to force myself to do it every day.

I'm wondering how many people here might feel the same, I'm sure I'm not the only one. I hope this post is appropriate for this subreddit.

EDIT: The fact that this post almost made it to the top of the subreddit is actually quite alarming, I didn't expect to get that many replies on it. It just proves even more how awful our society is at including people with aspergers and providing help when they need it.",waia7p,656,246,https://www.reddit.com/r/aspergers/comments/waia7p/are_there_people_here_who_constantly_feel/
3,Anyone besides me get annoyed when someone tells you to stop saying ‚ÄúAspergers‚Äù?,"It‚Äôs really frustrating that others want to correct me on how I choose to identify my autism.  I know the history.  I do not need nor want a lecture on it.  I have Aspergers.

Aspergers
Aspergers
Aspergers

No, I do not care that whatever institute nullified the word.  I‚Äôll call it what I want to call it when referring to myself because it‚Äôs what I‚Äôm comfortable with saying.  If you want me to say ‚Äúon the spectrum‚Äù or ‚Äúautism‚Äù for you, that‚Äôs okay, but me?  Asperger‚Äôs.

It‚Äôs such a trigger, and it‚Äôs one I didn‚Äôt realize I even had until recently.",wegl3s,638,289,https://www.reddit.com/r/aspergers/comments/wegl3s/anyone_besides_me_get_annoyed_when_someone_tells/
4,The negativity on this sub is understandable,"I see a lot of posts of people venting about how their autism has a negative impact on their lives and then I see reactionary posts saying ‚Äúwhy is this sub so negative?‚Äù You gotta understand that this sub is supposed to be a safe space for us to vent, right? I mean I‚Äôm sorry this sub isn‚Äôt sunshine and rainbows. We‚Äôre talking about a pretty serious condition that negatively impacts our lives in one way or another. Anyways that‚Äôs my two cents on this.",wdndj4,625,160,https://www.reddit.com/r/aspergers/comments/wdndj4/the_negativity_on_this_sub_is_understandable/
5,r/Aspergers Redditors are 6x more likely than the average Redditor to also actively participate on r/SuicideWatch,"Source: https://subredditstats.com/subreddit-user-overlaps/aspergers

Kinda sad.

Says a lot about how little our society does to support autistic people.",wkd316,553,231,https://www.reddit.com/r/aspergers/comments/wkd316/raspergers_redditors_are_6x_more_likely_than_the/
6,Tired of making special accommodations for NT people.,"They‚Äôre so needy. Always with the need for sustained eye contact and a 1:1 ratio of responses in conversation. Overhead lights always gotta be on. Never satisfied with eating Raisin Bran for every meal. 

If they just chilled out and went for a walk or something they‚Äôd be fine.

EDIT: Guys, it‚Äôs satire. The post is satire. The joke is that NT people complain about accommodating ND people but make tons of social demands that are difficult for us to meet.",w7q4mz,561,85,https://www.reddit.com/r/aspergers/comments/w7q4mz/tired_of_making_special_accommodations_for_nt/
7,Aspergers is a lifelong prison sentence to misunderstanding and not being appreciated,"Today a friend told me he didn't want my help with a project anymore. Basically I took too long and he's tired of waiting for me to get my shit together.

This is a pattern that repeats over and over in life, people just get tired of waiting for me / move on / tell me I'm doing it wrong there are 1000 variations but the end is that nobody is willing to wait for me and I have to do everything at everyone elses pace

Life is becoming not worth it anymore. I try and I try but my best is never enough and I can't keep up with the demands of adult life. I am a 37 year old man child and I'm on the brink of losing everything because I can't find any work better than $15/hr working at a fucking kayak store. I spent a decade doing software development and it feels like my career was a hallucination or something that somebody else did.

I cannot take the pressure anymore life is not worth living if all I can ever do is stress about not being good enough. Anybody who wants to tell me that ""your worth isn't measured in how much $$$ you make"" can go die in a fucking trash fire TELLING ME THAT IS NOT HELPFUL AT ALL.",w7cqpx,536,173,https://www.reddit.com/r/aspergers/comments/w7cqpx/aspergers_is_a_lifelong_prison_sentence_to/
8,"Does anyone else love hearing the rain, like it helps relax them","So we‚Äôre I live it‚Äôs been really hot and sunny for a few weeks now with hardly any rain then last night it was like the heavens opened and rained really heavy. Don‚Äôt know why but I felt to relaxed and had a calming sensation. I‚Äôve always been like that, whenever it rains I love to listen to it and watch rain sound videos to relax.

Does anyone else get like this when it rains or is it just me?",woxgsy,523,166,https://www.reddit.com/r/aspergers/comments/woxgsy/does_anyone_else_love_hearing_the_rain_like_it/
9,FLIRTING IS SO EASY NOW,"My fellow people, I have recently cracked the code to flirting. Many moons I have passed searching for the answer to flirting, reading the algorithms, learning the codes, and yet the answer was so much easier than one might have expected. 

There I am on a Friday night, analysing my good friend as he effortlessly pulls another girl‚Äôs number. As I sit there wondering ‚Äúhow does he do it?‚Äù He comes over and relieves my churning mind with a simple phrase, ‚Äúit‚Äôs not what you say it‚Äôs how you say it‚Äù. There it was, the final piece, no, the only piece of the puzzle was complete. There I sat, with the key to success, as all the tangled knots came loose in my head. 

Fast forward to today where I got a girl‚Äôs number by asking her what her favourite colour was. How you may ask? 
Because it didn‚Äôt matter what I said, it‚Äôs how I said it.",wm553y,501,209,https://www.reddit.com/r/aspergers/comments/wm553y/flirting_is_so_easy_now/
10,Anyone else generally get turned off by people with enormous egos?,,wnpr1j,461,169,https://www.reddit.com/r/aspergers/comments/wnpr1j/anyone_else_generally_get_turned_off_by_people/
11,Made the mistake of speaking up again.,"On another sub, I saw a video of a kid having a meltdown in response to being teased at school. It was without context, unless you took the title text for truth. (I'm not going to link it to prevent brigading.) This video hit me so hard, I immediately remembered what it was like to be in his shoes. It was so much like when I had been through. Of course somebody in the comments was like ""he's probably autistic"" and someone who knew confirmed it. I'm so sick of seeing that in the top of the comments every time a video like that shows up. I'm sick of people videoing autistic meltdowns and posting it for entertainment. I felt the need to speak up about it and tell my story and stick up for the kid. My comment is already getting 
""debated"" to hell, and lots of people in the thread are comparing him to that one annoying autistic kid they once knew ""to be fair"". I feel like an idiot whenever I open my mouth for more than a minute, no matter how much thought I put into what I say. I feel like whenever I talk about my experiences as an autistic person in any other space I just get ignored or blasted, because some random NT thinks they know better, so it's pointless. Seems like nobody wants to believe that anybody could empathize with that kid. Breaks my heart.",w8h8dl,455,63,https://www.reddit.com/r/aspergers/comments/w8h8dl/made_the_mistake_of_speaking_up_again/
12,How do I stop being angry about my autism?,"I'm angry that I feel like life has been stolen away from me. That I will never be a 'normal' person. I want to get out there and do normal things that everyone else enjoys. But I'm too stuck in my habits and my ways. So much so that I'm just afraid of change and I love to stick with what I know I'm comfortable with.

I just feel so alone.",w3ipwc,435,120,https://www.reddit.com/r/aspergers/comments/w3ipwc/how_do_i_stop_being_angry_about_my_autism/
13,Anyone else with Asperger‚Äôs/ASD think the two party political system is a bunch of crap? üí©üöΩ,,wo7w90,415,315,https://www.reddit.com/r/aspergers/comments/wo7w90/anyone_else_with_aspergersasd_think_the_two_party/
14,"How come people post about accepting minorities such as LGBT, but discriminate and judge people on the spectrum?","I have nothing against any groups of people, but who I do have a problem with are people who constantly post about their support to LGBT or BLM, but judge us for being on the spectrum. It just tells me that they don‚Äôt actually care about anything they preach or if they are a part of one of those minorities, they only care about themselves.",wbg368,413,211,https://www.reddit.com/r/aspergers/comments/wbg368/how_come_people_post_about_accepting_minorities/
15,"Do people ""twist"" your words often?","Edit: I love the community here, I feel like it's the one place I haven't gotten extremely averse reactions and had to wonder if I said something wrong. Thank you for the comments and kindness.

I always say exactly what I mean and ONLY that, yet I find that people often choose to interpret my words however they want to and ""put words in my mouth"".

 What's most frustrating is that as much as I may try to clarify they seem to walk away either thinking exactly the same thing that they thought at first, or they walk away thinking that I've got ""problems"" and these two aren't necessarily separate in some scenarios.

Does anyone else have this problem? I'm starting to genuinely think that maybe something is ""wrong"" with me and that I may actually have a ""problem"" of some sort.

All I want is to communicate my thoughts and feelings the same as anyone else and have a good time with the people I speak to yet I never seem to be able to and I'm so mentally exhausted.",w5zmri,409,157,https://www.reddit.com/r/aspergers/comments/w5zmri/do_people_twist_your_words_often/
16,Can anyone else not stand the sensations from being unshowered?,"Every morning I wake up overloaded because my skin feels gross and like it‚Äôs crawling, after I shower I always feel much better and able to focus.

I always feel anxious beforehand because my whole body just feels wrong, and it‚Äôs like a full body discomfort taking all my attention.",wgq9o8,398,118,https://www.reddit.com/r/aspergers/comments/wgq9o8/can_anyone_else_not_stand_the_sensations_from/
17,Anyone else just fucking hate people?,"Or is it me?








 (Hopefully this post doesn't put me on a fucking watchlist)",wnc5ap,389,167,https://www.reddit.com/r/aspergers/comments/wnc5ap/anyone_else_just_fucking_hate_people/
18,I fucking hate having autism so much!!!,"I hate the fact that I have inept social skills and I am pretty much a loner as a result.

I hate the fact that I have crippling social anxiety and can barely function whenever I am in public places.

I hate the fact I have difficulty concentrating and following social cues. I sometimes struggle to determine whether I am talking to much or too little.

I hate the fact that a lot of the things I say are ignored.

I hate the fact that I struggle with keeping employment.

I hate the fact that I have difficulty controlling my emotions and expressing them.

I hate the fact that I don't know how to approach women and have never been in a relationship before. From the looks of things, I may very well die a virgin.

I hate the fact society treats people like me as subhuman and that I am statistically more likely to be abused.

I hate the fact that I can't go to parties, nightclubs, discoes or other social events without completely embarrassing myself by being completely socially awkward or having a sensory overload.

I hate the fact that I waste so many time collecting useless pieces of information that the average person wouldn't give two shits about.

I hate the fact that I have to live a restricted life all because of a neurological condition that I never even fucking asked for.

I hate the fact that because of my social anxiety, I care too much what other people think of me.

I hate the fact that I care too much in general about things that I shouldn't care about.

I hate the fact that my parents were well aware that something was wrong with me yet they continued to ignore my condition to the point where it has made me an isolated loner with very little friends.

God, I fucking hate autism so much. I wish I was never born with it.",wk3c2p,389,133,https://www.reddit.com/r/aspergers/comments/wk3c2p/i_fucking_hate_having_autism_so_much/
19,"A friend spiked my drink with LSD, and I'm not sure how to react. It's taken a year for me to process what happened, but maybe it's not a big deal.","This was a guy I had known for a while but we weren't super close. Throughout knowing him he has occasionally tried to get me to drop acid with him. Now that I know I'm an Aspie, I'm a little worried about his (and others) motivation for this: like me on acid would be some sort of entertainment or oddity for them.  

Anyway, we hung out one night. He said he was going to drop some acid and asked if I wanted to join.  I've long noticed my brain is more sensitive to chemical stimulants, so I ALWAYS decline when offered because my brain clearly has a different reaction to substances. I can't assume that because others are safe taking it that I will be with my unique brain chemistry.

So he said fine. We were both drunk, it was cold out, and I vaguely remember him saying he would make some coffee. 

The next morning, when I was leaving out for work, I drink the hot coffee already sitting there (with the coffee maker ON). I drive down to work as I sip my coffee and get there safely. But I'm feeling off. I attributed it to being some weird hangover symptom as I began unlocking the building for the day. As I'm unlocking, it was like I became totally disoriented. In the building I've worked at for a year, I was suddenly lost. It was as if I was dreaming the way everything seemed obscured around me, but I was clearly awake and very scared.  I told my coworker I wasn't feeling well, and I just sat down right there on the floor. I'm not sure how she reacted, but given how people see us as weird, she probably didn't take it seriously as a potential emergency. it seems she thought I purposely did drugs before work. My coworker later came to me and asked if I was high that morning. 

I told her no, of course not, and that I was just feeling dehydrated from drinking last night.

I was confused and disoriented and clearly drugged. I'm honestly not sure how much time passed. But I came-to at some point and just went to my desk and tried to process what-the-fuck was happening. Later that day I met the same friend for lunch, and was still feeling a little off and probably mentioned that to him. He asked if I drank the coffee that morning. I said yes. He said nothing more, but did offer some facial expression that I remember wasn't what I'd expect over a regular pot of coffee. It took me weeks to make the connection

Some of my Aspergers symptoms got significantly worse around that time too, but that could be due to many other things like stress so IDK right now. 

I'm terrified that someone would do this to me. Even if drugging me wasn't on purpose, to not tell me what happened when you clearly know it was in the coffee? To do that to my body, even if it was accidental, and not let me know?

Never hast this ever happened to me before this or since.

IDK what to do. It feels serious and as an Aspie it terrifies me that someone would do that to me when I clearly don't have the same defenses and awareness that they do.

EDIT: thank you for the helpful comments. This community is awesome and it feels good to be taken seriously and offered info/support. Hope I can meet such good people IRL!",wj1qa5,382,288,https://www.reddit.com/r/aspergers/comments/wj1qa5/a_friend_spiked_my_drink_with_lsd_and_im_not_sure/
20,"Be aware that if you have a sense of pride and ego and challenge Nts who already hate you , they will use their better Social skills to fk you up","yes be aware not to challenge . and try to babysit their egos .

autistic people are 80% more prone to bullying and abuse according to statistics , they ""NTs"" will use their higher social intelligence to ""heal their little precious egos"" and ""vent their emotional garbage"" Over your disabled ass .",wi1ux0,373,128,https://www.reddit.com/r/aspergers/comments/wi1ux0/be_aware_that_if_you_have_a_sense_of_pride_and/
21,Anyone else have a resting face they‚Äôre told looks mean/sad?,"I don‚Äôt know if it‚Äôs the way my face just is, or that my emotions don‚Äôt mirror my expressions. The expressions I make at my friends frequently hurt their feelings and I understand why, but they are by no means supposed to be rude faces :( I‚Äôve been told from a young age that i should smile more or I look ‚Äúincredibly sad.‚Äù And honestly these comments just ruin my mood. I can be completely content and my face is still flat so i‚Äôve heard, but this isn‚Äôt the case all the time.

Can anyone else relate?",wpm5sd,369,110,https://www.reddit.com/r/aspergers/comments/wpm5sd/anyone_else_have_a_resting_face_theyre_told_looks/
22,I met a ND at a party. It changed me.,"Usually when i go to parties i feel completely disconnected to the people there, it‚Äôs as if i‚Äôm pretending to be on the same wavelength, but i‚Äôm just not. I always thought everyone felt like that and the party mindset was just something you eventually get, but it was never that.
 Talking to people on parties was always hard for me, the conversations were never interesting, were hard to mantain, and tiring, not to mention that i can notice when people have 0 interest in talking to me, so i just stop trying. 
But talking to that ND was effortless and natural, it felt like i could be myself because we understood each other‚Äôs problems, i was very interested in her life and she was on mine, this experience might seem like nothing but it opened my eyes, i realize now that the reason people loved parties this much is that they feel connected to each other like i felt this time, and if i really wanna feel socially happy i gotta add people like me to my social circle, instead of changing who i am to fit in existing circles.",wcmxqr,369,35,https://www.reddit.com/r/aspergers/comments/wcmxqr/i_met_a_nd_at_a_party_it_changed_me/
23,Nobody Debates in Good Faith,"It doesn't matter how much I want to have a civil debate or how much non autistic people seem to want a civil debate. The minute I question someone or slightly disagree they do not want to elaborate.

Someone literally just said ""well I got my info from Wikipedia which I am going to trust more than you"" but didn't quote or link. Nothing. Just wants everyone to trust what they read on Wikipedia! What nonsense! 

I just linked 5 peer reviewed articles so that will likely mean some more deflection and then being blocked. Cognitive dissonance really seems to hit NTs different...

Edit to add nuance:

""I see much less of Self attachment to concepts within autists than I do with the general public.""",w9d7sp,353,206,https://www.reddit.com/r/aspergers/comments/w9d7sp/nobody_debates_in_good_faith/
24,Is it normal to not know how to ask for help because explaining what needs to be done turns out to be more work than just doing it yourself?,,wpdp7l,356,38,https://www.reddit.com/r/aspergers/comments/wpdp7l/is_it_normal_to_not_know_how_to_ask_for_help/
25,Does anyone else always go to bed really late?,"I don‚Äôt go to school anymore because it was way too stressful to me, and now that I‚Äôm at home I always stay up till like 4-5 am (even 6 am sometimes) and I think it‚Äôs because I love how it‚Äôs so quiet at night and I can just relax and do whatever I like and I don‚Äôt have to worry about anything. I use melatonin to sleep but I always take the pills very late because something inside of me just doesn‚Äôt like going to bed early. I don‚Äôt know why but I just can‚Äôt make myself do it. My parents keep telling me I should fix my sleep schedule and I know that they‚Äôre right but yeahhhh... does anyone feel the same way? Again I honestly don‚Äôt know why I love being awake at night but my guess would be what I‚Äôve already said. :)",wlcsx1,350,120,https://www.reddit.com/r/aspergers/comments/wlcsx1/does_anyone_else_always_go_to_bed_really_late/
26,neighbor threatened to call the police 90sec after meeting me for the 1st time,"so, i was standing on the street in front of my house at about 7:30 pm (i moved here roughly a year ago, i live here with 1 of 2 support staff because i have autism & tourettes & ocd) and noticed a woman was washing her car in front of her house about 7 doors down the block, across the street. i walked up to the road in front of her house and said ‚Äúhi‚Äù

she said ‚Äúhi‚Äù back with a weird frown on her face.

i said ‚Äúi live just over there‚Äù and pointed to my house. ‚Äúare u washin your car?‚Äù

‚Äúya‚Äù she said

‚Äúcool‚Ä¶‚Äù i said.

a car drove by so i briefly stepped onto the sidewalk. when it passed i stepped back onto the road.

‚Äúdo you like chocolate milk?‚Äù i asked (this is an icebreaker-question i frequently use).

she looked around. she looked behind herself. finally she said ‚Äúif you dont leave im calling the police.‚Äù

‚Ä¶

dumbfounded, i replied ‚Äúoh, um‚Ä¶. ok. sorry.‚Äù and walked away from her house

_on the way back to my house i talked to some other neighbors about a wooden planter they were building. that went a lot better._

**i mean‚Ä¶. can you believe that???? it‚Äôs like‚Ä¶.. had she never talked to anybody before?? if she had told me to leave i wouldve left!!!!! she didnt have to threaten legal action!!!!!!** ive dealt with police before in my city and in my experience they are a mocking ignorant bunch‚Ä¶.. i dont want to deal with them again just for 3 sentences of social interaction!!!!!!

i was legit crying when i was talking about this with my support staff, when i got back home. im actually crying a little right now‚Ä¶.. it‚Äôs just‚Ä¶‚Ä¶. did she realize what she was threatening? the police can ruin someone‚Äôs life!!!!!! what did i even do????? did she think ‚Äúchocolate milk‚Äù was a sexual innuendo or something????? just tell me to leave!!!!! please!!!!!! 

im just so mindboggled by her behavior‚Ä¶..

the worst thing is‚Ä¶‚Ä¶ i wanted to make a friend!!!!!! i dont have many people to talk to at my house‚Ä¶‚Ä¶ my other neighbors that i usually talk to were unavailable‚Ä¶‚Ä¶ i just wanted to talk to somebody‚Ä¶‚Ä¶",wi5qqm,344,451,https://www.reddit.com/r/aspergers/comments/wi5qqm/neighbor_threatened_to_call_the_police_90sec/
27,anyone has an issue with memorizing names?,"I can't remember names at all, or what things are called, I've read the autistic people aren't really good with labels and calling stuff, so you suffer from that issue?",wmna1s,313,180,https://www.reddit.com/r/aspergers/comments/wmna1s/anyone_has_an_issue_with_memorizing_names/
28,This sub is so depressing,"No offense to anyone here, but I see so many people here with a low quality of life. I have PDD-NOS, and wonder if this will be the fate for me. So many posts about not being employable, not having any relationships and having to be on disability. I guess I'll always be dirt, lol. I used to think I could mask my autism but can't.",w4fn1g,306,200,https://www.reddit.com/r/aspergers/comments/w4fn1g/this_sub_is_so_depressing/
29,I put on noise canceling headphones today and immediately cried,"After getting back from a three week solo trip, in which I was alone for the majority of it and went days without interacting with people, I threw myself back into social life. In the last few days, I‚Äôve been to parties or seen friends every day. Going from the quiet of small towns in Italy and the relative peace of Berlin back to the chaos that is Brooklyn was a shock. I had a nice morning working in a garden, but when I went to my friends apartment, all of the sounds + the residual energy of all of the social time caused me to curl up into a ball on the couch and shut down. Three different songs were playing simultaneously at a block party outside. The scent of the detergent from my clean shirt felt like it was holding me captive. Time felt like it had slowed to a halt. I found myself unable to speak or move, even when I was asked if I was okay. I couldn‚Äôt figure out what was wrong, I felt an overwhelming emotion that was unidentifiable, like I needed something but didn‚Äôt know what it was. 

My friend left the room, then came back with a pair of noise canceling headphones and told me to see if they would help. They sat next to me while I put them on. As soon as they were over my ears, i felt it: relief. Everything was quiet. The sounds of the block party faded, my heart rate slowed down, i could breathe, I could think. I immediately started crying as I smiled to myself. My friend put their legs on top of me, acting as a weighted blanket. 

I think my main takeaway from this is that if I feel a sense of anxiety and detachment from my surroundings but can‚Äôt figure out why, it‚Äôs likely overstimulation. Secondary take away is that I NEED these headphones.",wnl15q,300,50,https://www.reddit.com/r/aspergers/comments/wnl15q/i_put_on_noise_canceling_headphones_today_and/
30,Is anyone else proud to be an Aspie?,"I know there can be downsides to having ASD/Asperger‚Äôs, but it helps me learn really quickly and that makes me feel good about myself. I do really well with any that has to do with logic such as math, technology, puzzles, ect. I do struggle with socializing sometimes but I‚Äôm still working on it and have improved a lot over the years.",wj964x,303,191,https://www.reddit.com/r/aspergers/comments/wj964x/is_anyone_else_proud_to_be_an_aspie/
31,I passed my degree!,"I got my results from university today and I got a 2.2 degree in Politics, Philosophy and Economics. I‚Äôm so incredibly happy to have achieved such a great result despite all the barriers. There was a light at the end of the tunnel after all!",w2qecn,296,24,https://www.reddit.com/r/aspergers/comments/w2qecn/i_passed_my_degree/
32,Wooo I‚Äôm getting my first ever promotion!,"I‚Äôm going up to management at a McDonald‚Äôs!

My dad and other people does or probably will think it isn‚Äôt that great of a thing, but to me it‚Äôs one of my major goals for the first time being achieved after a shit ton of failures doing what everyone wanted me to do with my life.

It‚Äôs one major goal in my big plan to push my life in the direction I want it to be in achieved. Next up in the fall it‚Äôll be the release of my webcomic, then making my art website, and finally in the beginning of next year getting a car. Overall though, my biggest goal is to be a full time comic artist, though it‚Äôll take years for me to get to that point.

I just wish that I could get my dad to see that I‚Äôm working hard on moving forward. He probably thinks I‚Äôm a failure after how bad I fell last year. I wasn‚Äôt living for myself then or doing what I wanted to do. The months I spent unemployed I learned to accept that being on the spectrum, I‚Äôll never live a easy life or that what NTs think would work for me 9/10 doesn‚Äôt. I hope I succeed at my goals, because then I‚Äôll be able to smile and tell everyone that doubted me that they were wrong, including myself.

Edit: I was at work so I didn‚Äôt get a chance to respond, but I read all of the comments on my break and nearly cried. Thanks you all!",w5mhei,298,28,https://www.reddit.com/r/aspergers/comments/w5mhei/wooo_im_getting_my_first_ever_promotion/
33,Sick of hearing about NTs,"It‚Äôs scary how many of our posts are just angrily pointing the finger at NTs, yeah, I get it, it‚Äôs absolutely ass having Autism, but what is obsessing over ‚Äúnormals‚Äù constantly going to change? Not even trying to gatekeep, I just think it‚Äôs super unhealthy to compare yourself to anything/anyone that you aren‚Äôt, never will be. That is all, carry on",wa18fs,292,162,https://www.reddit.com/r/aspergers/comments/wa18fs/sick_of_hearing_about_nts/
34,How many people here keep a steady job?,"I have asperger's myself, and I was wondering how many people here hold down a day job. I saw a crazy statistic a long time ago that said only around 15-25 percent of people with aspberger's are able to work. I've been a welder for a few years and wanted to know what other people did or if they are able to work. Also why were you unable to work if you couldnt?",w3w2rm,280,283,https://www.reddit.com/r/aspergers/comments/w3w2rm/how_many_people_here_keep_a_steady_job/
35,Anyone here dislike when someone yells at you?,"When someone yells at me I getting really angry and I'll yell at them back. Even if they're my teachers, parents or whatever.",wf1cm8,284,88,https://www.reddit.com/r/aspergers/comments/wf1cm8/anyone_here_dislike_when_someone_yells_at_you/
36,I feel insanely out of place at a nightclub,"I don‚Äôt know why people can enjoy this kind of stuff I feel like I‚Äôm a bit too rational to enjoy overspending on drinks and getting out of my comfort zone to fit In with people.

I‚Äôm not sure if I‚Äôm alone but nightclubs seem like the biggest waste of time for me, I find comfort in so many things that I‚Äôd rather do than listen to deafening music I don‚Äôt even enjoy; and pretend like I‚Äôm having a good time.

Is there a way to enjoy this kind of thing as an Aspergers adult",wgyfns,282,120,https://www.reddit.com/r/aspergers/comments/wgyfns/i_feel_insanely_out_of_place_at_a_nightclub/
37,I think this sub is getting a bit too negative. lets talk about our favourite movies,"This place is a bit of a shit hole so why not brighten everyone's day/night by talking about movies. 

It could be favourite movies, first movies, movies you've watched recently and found to be your favourites, pretty much any and all movies",wdc2m1,271,290,https://www.reddit.com/r/aspergers/comments/wdc2m1/i_think_this_sub_is_getting_a_bit_too_negative/
38,Are you unable to share music you like with others because it would make you feel embarrassed?,"I pretty much never share any of the music I listen to with anyone, not even with close friends or my partner. It feels way too personal and I'd be scared they would dislike the music and say something bad about it, because in a way it would feel like they dislike me.

Whenever someone asks me what music I like I answer something very vague like ""ah electronic music"" or ""japanese music"" and hope they wouldn't ask more about it. I always feel like they would find it weird anyway, unless it's some really mainstream song pretty much everyone has heard before, in which case I don't mind so much sharing it. But if it's from a musician who is not well known I don't wanna share it, because I don't want anyone judging it.

I also feel like that with a lot of other things like certain Youtube channels I watch, since I think it's not something people would expect a 25 year old guy to watch. I wonder if this is related to aspergers and others here also feel like that or if it's just me being very insecure. I also wish I could change that, since it often makes it harder to connect with people.",wit1vc,268,126,https://www.reddit.com/r/aspergers/comments/wit1vc/are_you_unable_to_share_music_you_like_with/
39,"Big uptick in self harm and ""Not being able to take it"" posts","Hello - like the title says I've noticed a big uptick in these types of posts recently. Now I know correlation does not equal causation, but it's REALLY HOT everywhere and my daily allotment of spoons has decreased. Just a gentle reminder to keep this in mind, drink lots of water, and to try to limit exposure to triggers...EVERY little thing counts in our world and if you're like me sometimes you forget about the little stuff.",waez2s,258,84,https://www.reddit.com/r/aspergers/comments/waez2s/big_uptick_in_self_harm_and_not_being_able_to/
40,Tell me why Aspergers isn't one of the worst hands to be dealt in life,"No matter how many times I mull over it in my head I can't help come to the conclusion that people with Autism won the worst lottery you can get in life.

My reasoning goes like this. Most people would agree that the point of life is to be happy right? Well what is happiness? I know this is a super philosophical question and a very subjective one too but it's one that everybody who had ever lived needs to answer.

I think from what I gather from everyone I talked to, everywhere I look on the internet, and from my own personal experiences the key ingredient for happiness is RELATIONSHIPS.

Now IMAGINE being born with a rare disease where the core symptom is a lifelong struggle to form and maintain relationships. Another way to put it is if you DONT struggle with relationships then you DONT have this disorder.

I only had one shot at life and I cant believe i was one of the few selected to deal with this lifelong disorder.  I do understand there's people out there with BPD and schizophrenia and I think they may have a worst struggle than me but Autism comes in a close 3rd.

Why go on living a subpar life where your best attempt at happiness is most people's average attempt? Maybe I'm looking at this all wrong which is why I'm here.",w9scs9,251,398,https://www.reddit.com/r/aspergers/comments/w9scs9/tell_me_why_aspergers_isnt_one_of_the_worst_hands/
41,Attachment to items?,"Does anyone else get extreme attachment to items and feel extreme heartache if something you care about gets misplaced/discarded? 
I swear it almost feels as intense as losing a loved one and it makes me sick to my stomach. I don‚Äôt want to have this super intense feelings every time I lose something, it breaks, or it gets thrown out. How do I combat this?",wggcv3,254,88,https://www.reddit.com/r/aspergers/comments/wggcv3/attachment_to_items/
42,Does anyone else get treated like they're a horrible person for doing the exact same things that NTs do?,"For context, this morning, I came into work, placed my stuff on the table in the break room (poorly because I sorta dropped them) and I immediately got called an asshole for doing that after being questioned as to why I threw them down. I tried to defend myself and say ""I just dropped them"" but was immediately shut down, called essentially a piece of shit, along the lines entitled, among other things and I didn't even bother try to continue the interaction.

This is a common thing throughout my life.

I'm not open about my diagnosis. No one at my current employer knows, I don't try to act any different than anyone there, I've also learned to mask and blend very well, but I always seem to be the target of jokes and hate no matter how what.

So, question stands, who else has the same experience?",w6ss4l,248,65,https://www.reddit.com/r/aspergers/comments/w6ss4l/does_anyone_else_get_treated_like_theyre_a/
43,Family hid diagnosis for 27 years.,"I've written and deleted this so many times over the past few days, still not sure if I should post this or not.

Over this past weekend my family had a get together, most of them I have not seen in over a decade, some longer even. I have been planning on asking questions about my belief that I could possibly be autistic, for the weeks leading up to this I wrote down questions and rewrote and edited everything I planned to ask even asking my partner how to make things more subtle but direct enough that I could at least get the answers. The plan did not survive contact with my family.

Too many new faces and old faces that have changed, I completely blanked and went back into my old mode of trying to not be noticed. My partner would have none of it though. She dragged me off to see my grandfather who does not have long left, stage 4 cancer has changed him so much. 

It was as awkward as you can imagine, somewhere in the conversation he said ""I see you haven't grown out of the shyness yet, the doctors said you wouldn't"". I didn't really know what to respond besides asking which doctors.

I remember having to go to speech therapy and some behavioral therapy in the first year of school so that I could be 'on the same level' as my other class mates as I was younger than the rest of my peers as my birthday falls in the last part of the school year and generally those kids have to get evaluated or kept back a year. This was partially correct. Early the previous year (1994) I was evaluated to go to school and they picked up something, I was then referred to a specialist who then diagnosed me with Asperger's Syndrome (yes I know it is no longer called that, this is as it was told to me by my grandfather and later corroborated by other family and eventually my father when I confronted him), also with ADHD and Dyslexia.

My grandfather and grandmother were told that I had grown out of it and they were never to mention it, neither knew much and just figured it was another illness their constantly sick grandchildren had. My younger brother and I were in and out of hospital for various issues and hereditary faults so my parents were constantly stressed and in a lot of debt so once I seemed to have 'gotten better' they dropped the therapy and pretended that I had been cured. Yes this was a shock and made me angry. Here I was 27 years later at 33 looking for answers as to why my life was the way it was, I had come to find answers of sorts in RAAD-S, AQ, AQ-10, Aspie Quiz, etc. I had found answers in this community and others. None of the answers were official and I have been in and out of impostor syndrome while I kept looking more and more into it, spiraling and letting my work and relationship suffer as I delved deeper into Autism research and looking for someone in this backwards country to help me. Meantime my family had the answer, an official one. This was not the end though.

&#x200B;

I sought out conformation, my grandfather was old, sick, and gave no fucks. He could have been wrong. I directly spoke to my aunts and uncles. They hesitated at first and then confirmed that yes, I was diagnosed with Aspergers (Assburgers for some or that I was ""r-word once""). I was livid and turned to the one person responsible for me not knowing myself, for me not getting the help and support I need. My father.

&#x200B;

He confirmed it. It looked like I had 'gotten better', so they had stopped the therapy, they were scared I was going to be taken away so they had decided to pretend that I had never been diagnosed at all. Whenever the school came to them with sorry that I was different they covered it by reminding the school that I was younger than my peers and just had to catch up. 

My mother died suddenly in 1998. I remember it clearly, what followed not so much as I had retracted into myself and became almost nonverbal. I remember lots of different therapists. My dad told me that they all suspected Aspergers and wanted me referred for diagnosis, one even wanted to diagnose him. He moved me around in fear that I would be diagnosed again and taken away from him and put in a home. He could not have that, eventually he found someone that looked at money rather than the patient and I became a kid who was grief-stricken.

Time went on and I had many issues with learning and fitting in, at no time was my diagnosis disclosed, I was just shy and lazy and 'smart but does not want to put in the work'.

He never realised what Aspergers was or what I have been dealing with, he was too scared to lose me.

It has taken the last few days for me to overcome the anger, in my delving into Autism I have been suspecting that my father is also autistic, he was trying to do the best he could, it wasn't great and it wasn't always the right thing but he was suddenly alone and had 3 kids to take care of, 2 of whom were very sick physically. In some parts I blame him for never telling me, in others I sort of understand in an odd way.

&#x200B;

I am no longer just the weird guy, I am no longer a freak, I am no longer looking for a diagnosis or self diagnosing, I am an Aspie. In my country there are no accommodations and very little support for adults and it is ok, all I ever wanted was to know why I was broken. Now, finally I know I am not broken, just different. The relief of finally knowing is something I can not describe. I just wish it had come sooner, before the suicide attempts and burnouts, before all the jobs I lost and walked out on, I wish I had known who I was sooner. On the other hand I can't change the past, at least now I know that I am not crazy or a freak. I am an autistic person and I am normal for me.",wkr3qv,247,56,https://www.reddit.com/r/aspergers/comments/wkr3qv/family_hid_diagnosis_for_27_years/
44,any one else get triggered by their Jean waists?,"So I only own 3 pairs of jeans, I LOVE the way they look when I stand up but when I sit down they cut into my stomach and it's very triggering. Is this relatable and what do you do about it?",wfg8mq,231,95,https://www.reddit.com/r/aspergers/comments/wfg8mq/any_one_else_get_triggered_by_their_jean_waists/
45,I hate those rare occasions when I try to open up to people about what I‚Äôm going through and they get wide eyed or laugh and say ‚Äúyou don‚Äôt seem autistic‚Äù or ‚Äúyou are definitely not autistic‚Äù as if they can read my mind somehow.,"Title says it all, really my brother is the only single person in the world who supports me and understands to be honest. People to understand it‚Äôs not what it‚Äôs made out to be and it‚Äôs really not all that rare.

I love this sub so much. So welcoming.",w8kbnw,234,52,https://www.reddit.com/r/aspergers/comments/w8kbnw/i_hate_those_rare_occasions_when_i_try_to_open_up/
46,Why are most NTs not as excited about learning? (Or is that a misconception?),"I don‚Äôt want to generalize, but it‚Äôs a pattern I can‚Äôt ignore.

I noticed that, NTs, when ask about my plans for the weekend or about how I passed my day, are not as excited when I answer with ‚Äúlearning about xyz (science)‚Äù. 

The reactions differ but it‚Äôs usually a pitiful ‚Äúoh no, poor one - why?‚Äù, or ‚ÄúI hope you‚Äôll get that done quickly so you can do something more joyful‚Äù. Or they assume there‚Äôs some exam I have to cram for. 

I don‚Äôt get it. How don‚Äôt they not enjoy the act of learning about their favourite interests? What are they driven by in life? Don‚Äôt they experience that same rush of dopamine asking and answering questions? What is their joy in life? What makes them not take their own lifes out of boredom? How does their brains not get understimulated? How can they have questions without looking for answers? Or don‚Äôt they ask themselves as many questions?

Please, please help me gain some insights!!!",wbwusy,231,111,https://www.reddit.com/r/aspergers/comments/wbwusy/why_are_most_nts_not_as_excited_about_learning_or/
47,I hate people,"I cannot stand how selfish people are.. if I don‚Äôt do my makeup to hide my autism features then people treat me 10x worse than they usually do.

No one helps just out of the kindness out of their heart.. one way or another they expect something in return.",w6h0lc,231,135,https://www.reddit.com/r/aspergers/comments/w6h0lc/i_hate_people/
48,I‚Äòm 37 and went on a date with a 22 year old. We had fun and like each other‚Ä¶.but,People at work joked today that I‚Äòm a ‚Äûdirty old man‚Äú and her mother asked what a 37 year old has in common with someone my age. I don‚Äòt know what to think. I don‚Äòt want to stay at work today.,w6w877,226,312,https://www.reddit.com/r/aspergers/comments/w6w877/im_37_and_went_on_a_date_with_a_22_year_old_we/
49,Is anyone on here happy like no offense but y‚Äôall are way too depressing,,w68ha3,220,181,https://www.reddit.com/r/aspergers/comments/w68ha3/is_anyone_on_here_happy_like_no_offense_but_yall/
50,"Autism/Aspergers is a spectrum. There is diversity in Autism/Aspergers, we should be inclusive and respectful of one another.","I feel even though most people on this subreddit are autistic or aspies, we still need education about the spectrum and why we are different. I am very shocked at how some people in this subreddit treat others. 

Autism/Asperger's is a spectrum, some people are extremely affected or impaired and require more support than others The fact that you are doing well as an autistic individual doesn't mean everyone can apply what you did to be successful.

Edit: Invalidating other people's struggles and comparing ourselves to others without recognising differences is unhealthy.

Certain factors account for why people go through a lot more than others. It could be demographics, culture, religion, wealth,  educational background, gender, sexuality, parental upbringing, etc.
You may be diagnosed with only Aspergers/Autism, however, let us be respectful of other people on this platform who are heavily impaired by their Autism/Asperger or who have Autism/Aspergers coupled with other comorbidities(ADHD, OCD, BPD, Bipolar, schizophrenia, depression, dyslexia, other mental health disorders, personality disorders and illnesses).

Instead of feeling or thinking people here keep complaining and don't put in much effort, be grateful for where you are in life. Yeah, everyone struggles but let us not forget that some struggle more than others due to varying circumstances.

People come here to vent because they feel we can understand and empathise with them. Not everyone can understand or empathise but we can try to be respectful and kind. I feel instead of only mentioning our achievements and thinking people are not trying enough, let us talk about how autism affects us and give tips on how we overcame these obstacles to get to where we are in life. It will be best to ask questions than assume people are not trying enough. 

I believe this will be a good start to making this subreddit inclusive for every autistic or aspie irrespective of our differences.",wokcjs,215,29,https://www.reddit.com/r/aspergers/comments/wokcjs/autismaspergers_is_a_spectrum_there_is_diversity/
51,Anyone else feel guilty after successful social interactions because it feels like you're LARPing as a NT person and you've made other people believe a lie about who you are?,"It has taken me literal decades to practice common social interactions and get to the point where I can pass as a NT person, at least for brief periods of time. It feels sort of like imposter syndrome because I know that's not who I am underneath and I'm just presenting something outward so that I can keep a stable job and not have everything come crashing down on me.

Even after years of doing this the feeling has never gone away. I feel guilty after every successful social interaction and there's a small voice in the back of my mind that says ""You're such an awful person for tricking everyone. You don't really deserve to succeed in life because you lie constantly to every person you meet. One day they'll find out and no one will be sympathetic after they realize you've deceived them.""

I've tried to hide who I am at every job I've ever had and it always backfires on me because I internally shut down during confrontations but outwardly it looks like I'm about to hurt someone, or I otherwise come across as a jerk.

At my most recent job, I tried to be casually upfront with coworkers that I'm on the spectrum so if I seem awkward, that's why. I've had moderate success with this tactic but now the voice in head tells me that I'm an awful person for trying to pre-emptively trick people to have sympathy for me. I've had people tell me ""You don't seem like you're on the spectrum"" and then I feel guilty for being too good at my worksona.",wb9wb3,210,27,https://www.reddit.com/r/aspergers/comments/wb9wb3/anyone_else_feel_guilty_after_successful_social/
52,as an autistic person do you struggle to verbally articulate yourself?,"I can literally only argue over text, but face to face I just loose words, I can not articulate myself very well at all. Does anyone else struggle with this or have any tips to combat it",wbh67l,192,57,https://www.reddit.com/r/aspergers/comments/wbh67l/as_an_autistic_person_do_you_struggle_to_verbally/
53,"I'm not 'bad at small talk,' other people are shitty listeners.","Edit: For all of the people trying to coach me on communication skills. Just stop. I already know that sometimes people just want emotional validation, and I already know how to have those types of conversations. I already know that my wife really just wanted to vent and didn't really want to talk objectively about the situation. You're completely missing the point. The point is that, just as I regularly step out of my comfort zone and expend effort to engage with more emotionally oriented people on an emotional level, this was a situation where my wife should have been willing to step out of *her* comfort zone, set aside her anger (over an issue that doesn't affect us at all) and engage with *me* on a more logical/objective level. It's unfair that I, and people like me, are always expected to accommodate others' preferred communication styles while people with more NT type styles are almost never willing to stretch themselves for us.

&#x200B;

It's been a running joke among my close friends and family that I'm 'withdrawn,' 'quiet,' or 'uninterested' in conversation. But last night, I had the epiphany that it's not me - it's the complete lack of effort of people around me.

Despite my reputation, I'm actually able to actively listen to someone talk about their favorite sport, celebrity gossip, or whatever drama they've recently imagined in their friend group, come up with a relevant reply, and carry on a short conversation. For obvious reasons, I keep those types of conversations short and I don't seek them out - but if that's your thing, we can carry on some small talk about it.

Last night, my wife was telling me about the latest gossip story she read on the news and summed up the story with her opinion that the person in question should be in jail. In this case, I actually knew a little about the underlying legal considerations (not much, but a little) so I took about 2 minutes to explain that, while the behavior in question was shitty, it wasn't illegal. Why a law against that activity would be essentially unenforceable. And that these types of situations are the reason we have civil law. I speculated that the wronged person had probably *already* sued and maybe even been awarded damages but the article that she read (which was obviously written to stir up anger) intentionally left that out to make the scenario seem as ridiculous and un-just as possible.

That whole explanation took only between one and two minutes. But when I finished, I could see that her eyes were glazed over and she had stopped listening or caring what I was talking about after about the first 10 seconds. She just said something non-commital like ""well, I just feel really bad for that person,"" and ended the conversation there.

Like, WTF, I listen to other people talk about stupid crap all day every day and I'm accused of being aloof or withdrawn because I'm not super excited about the local sportsball team or celebrity scandal. But when I want to talk in some *slight* depth about a topic *you* brought up, you're willing to expend exactly zero effort to think or participate in the conversation.

I'm definitely getting more comfortable with the fact that other people are the problem when it comes to communication and interpersonal connection.

Edit: Quick note to apologize that I""m being so vague about the topic of the article. It tangentially involved a notorious case of ""SWATting"" that occurred several years ago and resulted in a death. The exact details and circumstances were presented in such an intentionally politically charged way that it would derail the conversation. The person who she thought ought to have been put in prison wasn't the person who made the fake call (he already was in prison) but someone who - probably - goaded him on to make the call.",wqpz62,237,80,https://www.reddit.com/r/aspergers/comments/wqpz62/im_not_bad_at_small_talk_other_people_are_shitty/
54,Do you sometimes get so desperate from loneliness that you reach out to people you don't even like?,"I guess I have a tendency to romanticize women I'm not actually into, just for the hope of having moments of companionship. Does anyone else do the same?",wi00gg,191,63,https://www.reddit.com/r/aspergers/comments/wi00gg/do_you_sometimes_get_so_desperate_from_loneliness/
55,Does anyone find people who are bootlickers to certain people or media to be absolutely insufferable?,I mean where do I even start? Most of them argue in bad faith and have this cult like devotion towards the person there defending against even the most moderate criticism and treat them and the mistakes they‚Äôve made as literal GODS who can make absolutely no mistakes. I‚Äôve seen way too many NT people saying this about people they like or whose work they like yet get so defensive and reactionary towards any sort of criticism towards them. What‚Äôs weirdest is that they treat these people like there family despite not knowing them personally at all. Why do they engage in par-asocial relationships like this and not bother thinking about what they‚Äôre doing or saying?,wgd6ew,190,76,https://www.reddit.com/r/aspergers/comments/wgd6ew/does_anyone_find_people_who_are_bootlickers_to/
56,‚ÄúAutism a disorder of high intelligence‚Äù ‚Ä¶. ‚ÄúLinked with too many cortical neurons‚Äù (another research post for those interested),"Okay, so cortical neurons are associated with intelligence with a positive correlation. Autistics have too many cortical neurons which *can* lead theoretically with slower processing or can lead to high intelligence. 

I almost certainly think it leads to synaptic overload. And the formation of too many neural connections. I think this explains our sensory overload response to stimulus. 

I think this also explains why the genes associated with autism are associated with high intelligence and why there are many autists with extremely high IQs at much larger proportions than NT populations. 

This is the stuff that interests me - the neural mapping and genetic differences we share as autistic folks üôÉ

https://pubmed.ncbi.nlm.nih.gov/27445671/#:~:text=A%20suite%20of%20recent%20studies,%2C%20by%20below%2Daverage%20IQ.

(Edit: full pubmed article provided to me by u/atsautistic https://www.frontiersin.org/articles/10.3389/fnins.2016.00300/full - thank you üôè)


https://www.sciencedaily.com/releases/2017/11/171102131330.htm

https://embrace-autism.com/autism-and-high-iq/

Editing to add: 

IQ is just one data point but not the only one. Lots of autistic people that would struggle to sit through a standard IQ test often have exceptional and skewed abilities and/or different ways or patterns of looking at the world that is remarkable. 

The point about IQ is because even though ASD is called a disability, a large proportion of us skew toward high IQ - an NT measure for fitness and intelligence. It fascinates me though it is not the most important or relevant thing.

I think it‚Äôs important to understand how our increase in cortical neurons relates back to all of this. And it helps shed light on the spectrum of both ability/potential and disability in the autistic community.",wqu2me,346,112,https://www.reddit.com/r/aspergers/comments/wqu2me/autism_a_disorder_of_high_intelligence_linked/
57,Autism as a superpower,"What if autism is actually a superpower?

Companies say they want employees who have extreme curiosity. Interestingly, autistic people have a knack for passionately pursuing random topics for days, weeks, months, and sometimes years.",w8ybjz,184,114,https://www.reddit.com/r/aspergers/comments/w8ybjz/autism_as_a_superpower/
58,"I forgive people too easily, and it leads to abuse in my life",,wh7kf7,178,28,https://www.reddit.com/r/aspergers/comments/wh7kf7/i_forgive_people_too_easily_and_it_leads_to_abuse/
59,Does anyone else get a feeling at social events or concerts where they're really enjoying it but desperate to leave?,"I just got my diagnosis so still getting my head around this. I quit drinking during the pandemic which has made social situations and going to concerts kind of tricky. 

One thing I've noticed, especially with concerts, is if the band is playing for longer than about 45 minutes I start feeling like I'm antsy that they would finish, even though I'm really enjoying it. I had assumed it was a sign of depression but with my diagnosis I'm wondering if it's just my brain running out of steam for being out in public with a lot of stimulation going on (I mainly go to see pretty technical metal bands).

Anyone else experience this? I find the same sometimes now when at a restaurant with friends or similar. I can be having a really great time, but after a while my body/mind is desperate to leave for no apparent reason.",w3p4p1,175,29,https://www.reddit.com/r/aspergers/comments/w3p4p1/does_anyone_else_get_a_feeling_at_social_events/
60,Any other jaw clenchers in here?,"I‚Äôm surprised that my molars haven‚Äôt crumbled by now, all these years spent white-knuckling it through my life.",wptrpi,178,60,https://www.reddit.com/r/aspergers/comments/wptrpi/any_other_jaw_clenchers_in_here/
61,Do you hate gossip/gossiping?,"I don't know whether this is just me and my ND ways, but it rubs me the wrong way when I hear someone talking about someone, behind their back, it really makes my inner moral compass go crazy, and I feel extremely uncomfortable. Does this resonate with anyone else?

I try to be as upfront and honest to people so don't quite understand the need to talk about someone with another person.

Is gossiping a general neurotypical practice?",w2tc9e,172,63,https://www.reddit.com/r/aspergers/comments/w2tc9e/do_you_hate_gossipgossiping/
62,Had a talk with a police officer after my ex reported me for ‚Äúelectronic harrassment‚Äù after breakup. He sympathized with my neurodivergence.,"So, long story short, this girl who thought we had a future together decides to ditch me in the middle of our sixth date and after trying to calmly have a talk in order to end things and find out what I could improve on in the future or with myself, she merely tells me she had a bad gut feeling and trusts it and then just ghosts me. I get anxious and impulsive and then send her texts where I calmly try to see if she will elaborate, and I try to save my reputation by affirming that I am in no way a threat. 

This makes me really sad and self-conscious. I tell her that I am on the spectrum, but I still get nothing. I know I should have left her alone but I am really bad at taking nonverbal cues as absolute. I was hoping that she would just tell me something so I could shut up and go away. But society treats this as ‚Äúgiving in to a manipulator‚Äù. I have my flaws, but I had no intention of manipulating and doing harm. 

After this passed, I felt so ashamed for reacting how I did and confirming her gut feeling about me (whatever that may be), so I thought I should try to salvage my bad deeds by apologizing a few weeks later. I never once pressured her to respond back. I just wanted to redeem myself and say ‚ÄúI messed up, just know that I‚Äôm not who you think I am‚Äù Still no response. This time she reports me to law enforcement.

An officer calls me and explains that I am not in trouble, but if I contact her again, I will violate the law. I understood and got really sad. He asked for my side of the story and I told him about how I am not good with these situations, how I am on the spectrum, and I never meant to be creepy. He understood and somewhat sympathized with me. He even told me that what she did on our date was not a nice thing and that this girl might not be as nice of a person as I think she is. He told her that what I did was not a crime. It sounded like she wanted to get me in trouble really badly. 

Now, I am not trying to use ASD as a justification for electronic harrassment. But, it seems like some neurotypical people are very ableist and think we are crazy psycopaths who will do harm. This hurts my feelings since I am a very timid person and would never commit a crime. Sometimes I struggle with understanding someone‚Äôs boundaries. This is why good communication needs to be taught more in autism awareness. I now feel really ashamed. I almost committed a crime when all I wanted was to save face, but I also felt so bad for freaking out this girl and just wanted to say sorry for being a weirdo. She made me feel like a creep from the start and I inadvertently acted like one. Lesson learned. I will ghost back when ghosted from now on. Thoughts? How can I rub off the feeling that I am a creep/stalker?",wqh7q3,181,104,https://www.reddit.com/r/aspergers/comments/wqh7q3/had_a_talk_with_a_police_officer_after_my_ex/
63,Anyone else feel like all the openly autistic people on Tiktok are have somewhat more severe symptoms and thus are contributing to NTs thinking that we‚Äôre all those ‚Äúvery autistic‚Äù people?,"I guess it‚Äôs also our fault for keeping to ourselves.

But I‚Äôm not going on Tiktok. I‚Äôm one of those autistic people who can mask/hide just well enough to avoid suspicion. It‚Äôs a privilege, I know. But it also means I‚Äôm not going to put my reputation on the line, in an effort to educate NTs on autism. But that means that NTs think that all autistic people constantly flap and stim.",w7zr4j,170,124,https://www.reddit.com/r/aspergers/comments/w7zr4j/anyone_else_feel_like_all_the_openly_autistic/
64,Why are we often ignored?,"I've heard some people say they are often ignored when speaking. Imagine you are in a conference room at work. People are socializing and talking now it's your turn to speak. You try to get everybody's attention and nobody listens to you even though they can clearly see you at the head of the conference table.

It's obvious that you're there. They can see you. They can see that you are speaking words but they keep talking to other people.

Why do people do this?",wn0a3k,167,72,https://www.reddit.com/r/aspergers/comments/wn0a3k/why_are_we_often_ignored/
65,"How many of you are capable of understanding sarcasm, metaphors, or other forms of figurative language?","I have HFA, and for the most part I can understand figurative language and even sarcasm, unless it‚Äôs super dry though. If I do ‚Äòt understand a metaphor, it‚Äôs probably because I don‚Äôt know what it means. What about you?",wbidvt,166,126,https://www.reddit.com/r/aspergers/comments/wbidvt/how_many_of_you_are_capable_of_understanding/
66,Did anyone here go to college?,,woaw1a,159,285,https://www.reddit.com/r/aspergers/comments/woaw1a/did_anyone_here_go_to_college/
67,Hardest Part of being Autistic?,"I wasn't professionally diagnosed until this year and I've begun to reframe the way others have treated me in the past. Doing so has made me realize that 99% of people whom I thought were giving me the time of day were actually taking advantage of me. 

The hardest part for me right now is accepting I will never get closure with most/all of these people. Before knowing I was autistic, people I thought were my friends would suddenly drop and ghost me. I'd be left with so much confusion without any explanation. Now that I'm aware of my disability, I have been asking for accommodations from family and my (ex) partner. 

I ended up going no-contact with my abusive family, so no closure there, and my partner of nearly 10 years broke up with me as soon as I started standing up for myself. I'm not getting any closure there either as he has already moved on (was cheating on me the whole time actually) and has no interest in talking to me, definitely not about disability or his manipulative actions.

When I didn't know I was autistic I suffered constant heartache and bullying I couldn't process until now. And since I've started working on my self-esteem and standing up for myself, setting boundaries, and pointing out abusive behavior I've lost every last social support.

Again, the worst part is not having any closure. These people's actions are baffling, and I can't move on with things that don't make sense. What's worse, I know that these people don't think they've done anything wrong, and most probably haven't thought of me since I stopped being useful to them. 

Every day I'm hit with realization after realization that I was being manipulated, bullied, abused. I feel at the same time so stupid/naive for not recognizing their intentions and furious that so many people see nothing wrong with the way they treat me as a disabled person. It's a lot of emotion to process on my own, on top of the fact that I can't support myself at this point in my life. I've never needed a ton of friends, but I can only imagine how much easier life would be to deal with if I had one ride-or-die to stand up for me.",wlq1qf,159,53,https://www.reddit.com/r/aspergers/comments/wlq1qf/hardest_part_of_being_autistic/
68,"I recently saw that my doctors had the label ""Aspergers"" on my file and I have never been diagnosed with any form of Autism.","So recently while I (22M) was scrolling through some online medical records as I was looking for some shot records, I came across saying the words ""Aspergers"" in a section of diagnoses and I had never been diagnosed formally with any form of Autism in my life. I just thought it was odd that it would ever appear on my records and it wasn't something I had to deal with. I know it was probably a small mistake but I have Dylexia, and other small issues as a developing kid and had always had to have some help in school.",wg5toq,157,62,https://www.reddit.com/r/aspergers/comments/wg5toq/i_recently_saw_that_my_doctors_had_the_label/
69,Anyone else more relaxed in inclement weather? Or relaxed watching horror flicks?,"I used to go for walks in torrential thunderstorms.  Raincoat, no umbrella.",wd1roe,152,79,https://www.reddit.com/r/aspergers/comments/wd1roe/anyone_else_more_relaxed_in_inclement_weather_or/
70,Do you think God or supernatural things exist? Or do you think only physical things exist?," It is amazing that humans exist in a complex way, and the strangeness of quantum mechanics is amazing.  
Can there really be anything other than the world?",w55ykc,152,355,https://www.reddit.com/r/aspergers/comments/w55ykc/do_you_think_god_or_supernatural_things_exist_or/
71,"My special interest is music. Ask me anything you like, about any genre, instrument or aspect of recording, mixing, composition etc. etc. I want to see where the gaps in my knowledge are.","I would also love other aspie musicians to share their experiences. How do you think it shapes your approach to music, in what ways has it been a help or a difficulty?

I play guitar and piano, and studied composition at university. I also record, mix and produce. I listen to pretty much any style of music I can get my hands on but recently I‚Äôve been obsessed with music from the 1960s.

Edit: I need to sleep. Thank you for the interesting and thoughtful questions, lots of stuff for me to look up.",w4q24u,152,187,https://www.reddit.com/r/aspergers/comments/w4q24u/my_special_interest_is_music_ask_me_anything_you/
72,Do you think one of your parents is aspie?,"I think my dad is autism 2 and my mom is aspie and adhd. I know we cannot diagnose other people, but knowing this is possible helped me understand why they didn't see something was ""wrong"" and why they weren't able to exactly prepare me for things they too didn't understand. 

What about you?",wc82j4,152,99,https://www.reddit.com/r/aspergers/comments/wc82j4/do_you_think_one_of_your_parents_is_aspie/
73,"""To be yourself"" means to amuse the neurorypicals","There is this weird obfuscation in social media about ""being yourself"". This stupidity is being hammered into our heads harder than the ten commandments.

I managed to mask really well in highschool, unaware of my autism, and people considered me to be an authentic person. When I was 13 I developed an special interest for comedy and thanks to my therapist I could talk in public with some effort but nice results. I just had no apprehension for who was I approaching and I was basically a cleverbot irl with a witty phrase for everything. I was ""being myself"".

Now, in college, the lockdowns and online classes set my in a reset of social skills. I just got used to loneliness and it's pretty comfy for me. I no longer feel compelled to take part in something so draining, awkward  and unpleasent as socializing. I do not want to put so much energy in something that doesn't bring me anything at all. I just try say ""Hello"" back and not to stim to much in public. I'm, quite literally, being myself.

I sometimes can tell that people hate it. Some girls of my class looked at me with their eyes opened as if I was a serial killer when I asked them the date of an exam. People often think that I am on drugs. Most people, even the ones that deeply respected me once now act as if I didn't exist. At first it hurted but the energy that I'm getting back is just amazing. This is not for everyone but right now I feel like I just broke free for something really big.",w3hklr,151,22,https://www.reddit.com/r/aspergers/comments/w3hklr/to_be_yourself_means_to_amuse_the_neurorypicals/
74,Are you happy with your life?,,wll001,147,200,https://www.reddit.com/r/aspergers/comments/wll001/are_you_happy_with_your_life/
75,DAE have a hard time knowing when they're hungry or full?,,w2vapm,143,62,https://www.reddit.com/r/aspergers/comments/w2vapm/dae_have_a_hard_time_knowing_when_theyre_hungry/
76,I can‚Äôt be the only one who is tired of never being good enough for anybody,"I will literally do something. Anything. And everybody will just belittle me for it no matter what. 

Yet everyone else and NTs just get a free pass and everything is wonderful when they do exactly the same thing or activity. 

It is as if people go out to their way to seek me out in order to drag me for no reason.",we7tey,143,36,https://www.reddit.com/r/aspergers/comments/we7tey/i_cant_be_the_only_one_who_is_tired_of_never/
77,Does anyone feel like they aren‚Äôt real sometimes?,"I can be sitting down chilling with my friend and I‚Äôll just think man I‚Äôm really like ‚Äúliving‚Äù and I‚Äôll start to get a deja vu feeling. I‚Äôll have moments where I zone out and just start thinking about stuff but nothing at the same time. Some times I‚Äôll wake up at night from a dead sleep and have anxiety. 

I get this way right before I think I‚Äôm depressed, I can zone out too and have to catch myself and snap back into it. Life‚Äôs got a very overwhelming feeling to it sometimes and emotions are a weird thing because idk what I really feel.",wd8665,137,27,https://www.reddit.com/r/aspergers/comments/wd8665/does_anyone_feel_like_they_arent_real_sometimes/
78,Do you guys tend to crush on shy quiet people?,"I instantly feel attracted to people I see always by themselves and are visibly socially anxious, is this normal among aspies? I see myself in them and I just want to give them the world ü•∫",way9q2,139,65,https://www.reddit.com/r/aspergers/comments/way9q2/do_you_guys_tend_to_crush_on_shy_quiet_people/
79,What are your thoughts on the existence of God?,,wmym2q,134,530,https://www.reddit.com/r/aspergers/comments/wmym2q/what_are_your_thoughts_on_the_existence_of_god/
80,Does anyone feel like NT's gaslight you?,"I was having a discussion or reddit recently, the other person I was talking with said that I was behaving like an autistic because I kept linking definitions to the words they were using.

They said that I didn't understand because I was autistic, but normal people get it, and I shouldn't break down conversations into what their words mean, that NT's just get the context and although the words they are using don't mean what they say they mean, neurotypicals get the idea.

I am used to this behaviour, I don't let it bother me; but, they kept on insisting that it was me that was the problem in the communication.

Eventually it turned out that what they meant ""was the origin of"" rather than ""brings"", which to me is a big difference.  For example, clouds bring water, but they are not the origin of said water.

I've read in some other subreddits of people talking with nerodivergent people saying that we get caught up on one point that doesn't matter and we should just leave it alone.

I feel like this may be both fair and unfair, the problem I see with just letting things go like that is that it has lead to miscommunications in the past. For example, I arranged to meet someone at our local college over email, they agreed and on the day of said they were in their way to the university.  I corrected them that I was at the college and they ended up going to the university and we didn't meet up.

It sucks when this happens, because I want to be a part, but every person has their ""this means that"" code in their brain that I don't know. When they further blame me for trying to be clear, I feel like it is gaslighting when they don't have a proper grasp on the language they are speaking.",woejek,134,104,https://www.reddit.com/r/aspergers/comments/woejek/does_anyone_feel_like_nts_gaslight_you/
81,aspergers with adhd do you find it hard to listen to someone talking on topics you are not intrested in so in results you talk too much?,,wl84eq,131,25,https://www.reddit.com/r/aspergers/comments/wl84eq/aspergers_with_adhd_do_you_find_it_hard_to_listen/
82,Do any of you enjoy watching PBS?,,wb85cv,127,57,https://www.reddit.com/r/aspergers/comments/wb85cv/do_any_of_you_enjoy_watching_pbs/
83,‚ÄúI shouldn‚Äôt have to ask you‚Äù,Nothing pisses me off more than this. If we had an agreement before then yes but I hate hate hate when people don‚Äôt tell me what they expect then they get mad when I don‚Äôt do what I should have somehow read their mind to know that they wanted me to do,w9x4a3,124,25,https://www.reddit.com/r/aspergers/comments/w9x4a3/i_shouldnt_have_to_ask_you/
84,Is Neurotypical society collapsing?,Does anyone notice an increase in aggressive behavior over the last few years in society? If yes please share your experiences and perspective. Maybe we can get an interesting discussion on this topic?,wi7y1e,122,104,https://www.reddit.com/r/aspergers/comments/wi7y1e/is_neurotypical_society_collapsing/
85,lying lying lying,"Oh gods, i hate other humans. Right now i ate lunch with some friends and one told me, that lying is totally  normal and i am a bad person for hating every lie. Also that not every untruth is a lie. Others agreed with her. Me beeing me, i was to unflexible to simply nod and agree. I hate it when i can t trust people and lying is the fastest way to loose this trust. 

Now i m kind of shaken. What is your opinion? Is lying allways and everytime a bad thing or is this hardcore-standing more harmfull than lying itselfe?",wf3zd7,121,92,https://www.reddit.com/r/aspergers/comments/wf3zd7/lying_lying_lying/
86,I have a question,"So my step dad said ""the real world is going to destroy you"" after I was having to deal with the most disgusting smells like fish and vinegar....


Is this a reference to something? Or is he just being insensitive to me? I don't understand regs at all but maybe one of you will :)",war794,113,175,https://www.reddit.com/r/aspergers/comments/war794/i_have_a_question/
87,Any adult-diagnosed people find it funny how many signs there were all along,"Since like second grade when my school asked for parents to write student personality descriptions for teacher placements, my reports would read:

‚Äî prefers routine

‚Äî gets upset when others don‚Äôt follow the rules

‚Äî very passionate about process

‚Äî does things slowly and is a perfectionist

‚Äî loves mechanical things and concepts",w9h6iu,113,36,https://www.reddit.com/r/aspergers/comments/w9h6iu/any_adultdiagnosed_people_find_it_funny_how_many/
88,do you get misunderstood as being a showoff or something,"like my body language is insulting to NTs without me realizing it lols .

share your experience .",wgakc6,108,58,https://www.reddit.com/r/aspergers/comments/wgakc6/do_you_get_misunderstood_as_being_a_showoff_or/
89,Does anyone else ever prefer masturbation to sex?,"Don't get me wrong, I do enjoy sex and when it's good it's really good. But on average, I quite often prefer finding something I like and having a good ham shank. It's just you, yourself and whatever material you want and it's usually quicker and easier, no other person to think about.",weldk7,107,63,https://www.reddit.com/r/aspergers/comments/weldk7/does_anyone_else_ever_prefer_masturbation_to_sex/
90,University of Cambridge research: Autistic individuals are more likely to be LGBTQ+,"https://www.cam.ac.uk/research/news/autistic-individuals-are-more-likely-to-be-lgbtq

‚ÄúNew research from the University of Cambridge suggests that autistic individuals are less likely to identify as heterosexual and more likely to identify with a diverse range of sexual orientations than non-autistic individuals.

The findings have important implications for the healthcare and support of autistic individuals. The results are published in the journal Autism Research.  

For many years it was wrongly assumed that autistic individuals are uninterested in sexual or romantic relationships, but this is not the case. In recent years, small studies have suggested that autistic individuals are more likely to experience a wider diversity of sexual orientations and are less likely to have sexually transmitted infections (STIs). However, the existing evidence has been limited in size and scope.

In the largest study to date on these topics, the team at the Autism Research Centre used an anonymous, self-report survey to study the sexual activity, sexual orientation, and sexual health of autistic adults. Overall, 1,183 autistic and 1,203 non-autistic adolescents and adults (aged 16-90 years) provided information about their sexual activity, sexual orientation, and medical history of STIs.

The results showed that the majority of autistic adults (70% of autistic males and 76% of autistic females) engage in sexual activity‚Äîalthough they do so to a lesser degree than their non-autistic peers (89% of both non-autistic males and females report engaging in sexual activity). In contrast to previous findings, the results also found that there were no differences in likelihood of ever contracting an STI, or the age at which participants first engaged in sexual activity, between autistic and non-autistic individuals.

In addition, the study found that autistic adults and adolescents are approximately eight times more likely to identify as asexual and ‚Äòother‚Äô sexuality than their non-autistic peers. And there were sex differences in sexual orientation: **autistic males are 3.5 times more likely to identify as bisexual than non-autistic males, whereas autistic females are three times more likely to identify as homosexual than non-autistic females.**

When comparing autistic females and males directly, autistic females were more likely to be sexually active; more likely to identify as asexual, bisexual, and ‚Äòother‚Äô sexuality; and were less likely to identify as heterosexual.

Elizabeth Weir, a PhD candidate at the Autism Research Centre in Cambridge, and the lead researcher of the study, said: ‚ÄúUnderstanding the intersectional identities of autistic individuals who are asexual, bisexual, homosexual, or ‚Äòother‚Äô sexuality is key. It is particularly important that healthcare providers and educators use language that is affirming and accepting of all sexual orientations and gender identities when providing sexual education and sexual health screening checks to autistic and non-autistic people alike.‚Äù 

Dr Carrie Allison, Director of Strategy at the Autism Research Centre and a member of the team, said: ‚ÄúWe must ensure that autistic individuals are receiving equal access to healthcare and support in their choices in their personal lives, to enjoy fulfilling lives and good mental health.‚Äù

Professor Simon Baron-Cohen, Director of the Autism Research Centre and a member of the team, said: ‚ÄúThis new study is an important example of applied health research with policy relevance for health and social care services.‚Äù",wkemwz,104,50,https://www.reddit.com/r/aspergers/comments/wkemwz/university_of_cambridge_research_autistic/
91,"Do you guys hear from your parents that ‚Äúbut you were normal as a child, there was nothing wrong with you‚Äù?",,w76sb4,107,46,https://www.reddit.com/r/aspergers/comments/w76sb4/do_you_guys_hear_from_your_parents_that_but_you/
92,I‚Äôm falling HARD for a guy with Aspergers *UPDATE,"Hey guys! I know it‚Äôs been so long since I posted. I‚Äôve been following all of the advices that you guys gave me‚Ä¶aaand I still haven‚Äôt made a move.üò≠ 
Now don‚Äôt get me wrong I‚Äôm confident and I think that I‚Äôm fairly attractive (I‚Äôve been told by my peers that I‚Äôm an attractive woman), but when it comes to him I always feel like I‚Äôm not his match and that he definitely lowkey has a girlfriend (I‚Äôm paranoid and anxious af so that doesn‚Äôt help). I‚Äôm aware of his special interest but he doesn‚Äôt like to open up or talk about it, which I understand it‚Äôs very dear to him, but he does talk about other things that I know he really enjoys. Every time I mention something from his special interest he kinda freezes (?). I understood that when he‚Äôs ready and even more comfortable he will talk about it. I‚Äôve been more playful and flirty with him not too much because we are at work lmaoo and it‚Äôs a big reason why I‚Äôve been so hesitant.  I don‚Äôt know if I mentioned this in my previous post but I can‚Äôt help but notice how protective and always ready to help he is.He‚Äôs always there to reassure me ( I just started tearing up while typing this Idk why). He did this thing one day that I really appreciate it. There was a man that was kinda bothering him and came through by starting to talk to him and said something that made him leave and then he looked at me and laughed while shaking his head. Anywho that was the update I‚Äôm still taking my time to tell him but I can feel like it almost being there. It‚Äôs coming soon. I like him so much and I really don‚Äôt want to screw this up or make him uncomfortable.
Thank you for reading and taking your time to reply, I appreciate it so much ‚ù§Ô∏è",we73nz,105,65,https://www.reddit.com/r/aspergers/comments/we73nz/im_falling_hard_for_a_guy_with_aspergers_update/
93,‚ÄúMasking is like being drunk/high and trying to convince *everyone you've ever met* that you're stone cold sober.‚Äù,,w7zvht,107,24,https://www.reddit.com/r/aspergers/comments/w7zvht/masking_is_like_being_drunkhigh_and_trying_to/
94,I just can‚Äôt escape like I used to when I was a kid,"When I was younger, I could always find it easy to sink into a fictional world. I could kinda pause reality and live somewhere safe for a window of time. Whether it was video games or books or comics. I could find solace in knowing that the harshness of reality could be waved away and for a while I could just be. 

But I can‚Äôt manage to do this anymore. My demons just follow me in. I can‚Äôt get lost in a book. I just can‚Äôt find any meaning in it. It‚Äôs so much harder to enjoy things the older I get. 

I used to read like crazy. I had a wall that was lined with books. Not a shelf, but a wall that was piled up so high that it touched the ceiling simply because I ran out of space to hold them. 

When I play games I have a very limited amount of time until I get bored. Nowhere near the hours I could spend when I was younger. If I‚Äôm lucky I can pull 20 minutes‚Ä¶

Honestly I barely have special interests, as a kid I could name every subspecies of beetle, I could tell you quite literally every dinosaur, pterosaur and ichthyosaur, when they lived and where‚Ä¶ But now, I can barely muster the passion to get out of bed.

I just can‚Äôt become invested when I know that the harshness of reality is around the corner and it‚Äôs hungry.

Where did my wonder go? I just wish I could enjoy things again.",w2msvi,108,11,https://www.reddit.com/r/aspergers/comments/w2msvi/i_just_cant_escape_like_i_used_to_when_i_was_a_kid/
95,Getting ignored when jumping in on conversation,"Yesterday I wanted to share a personal anecdote that was relevant to the conversation, but the two or three times I tried to bring it up, nobody stopped to listen to me. Typically I‚Äôd stop at my first try if I ‚Äúmissed the opportunity‚Äù but I thought I‚Äôd give it a couple tries this time. Giving up felt kind of bad but if there is a reason I don‚Äôt like speaking up, this is probably why - to avoid feeling ignored. Is this a common thing for autistic people?",wbwtn0,106,36,https://www.reddit.com/r/aspergers/comments/wbwtn0/getting_ignored_when_jumping_in_on_conversation/
96,"If I mask completely, I no longer feel like myself If I don't mask at all, I act like a 12 year old","I struggle to find balance. I want to mask enough to get by, but not so much that I'm a completely different person.",wi79js,103,50,https://www.reddit.com/r/aspergers/comments/wi79js/if_i_mask_completely_i_no_longer_feel_like_myself/
97,Can you get better at making phone calls if you are autistic or is it something you can‚Äôt change?,,w9acao,103,81,https://www.reddit.com/r/aspergers/comments/w9acao/can_you_get_better_at_making_phone_calls_if_you/
98,Do you think people take you seriously?,I feel like a joke I‚Äôm never in on always.,wnxpia,101,79,https://www.reddit.com/r/aspergers/comments/wnxpia/do_you_think_people_take_you_seriously/
99,Just Diagnosed,"Thought I would look up when international Asperger‚Äôs day was.

It‚Äôs my F‚Äôing birthday.

Typical!!!",wm996y,102,25,https://www.reddit.com/r/aspergers/comments/wm996y/just_diagnosed/
